<?xml version="1.0" encoding="UTF-8" standalone="no"?>
<libraryInfos>
<libraryInfo home="C:\Program Files\Java\jdk1.8.0_251\jre" version="1.8.0_251">
<bootpath>
<entry path="C:\Program Files\Java\jdk1.8.0_251\jre\lib\resources.jar"/>
<entry path="C:\Program Files\Java\jdk1.8.0_251\jre\lib\rt.jar"/>
<entry path="C:\Program Files\Java\jdk1.8.0_251\jre\lib\sunrsasign.jar"/>
<entry path="C:\Program Files\Java\jdk1.8.0_251\jre\lib\jsse.jar"/>
<entry path="C:\Program Files\Java\jdk1.8.0_251\jre\lib\jce.jar"/>
<entry path="C:\Program Files\Java\jdk1.8.0_251\jre\lib\charsets.jar"/>
<entry path="C:\Program Files\Java\jdk1.8.0_251\jre\lib\jfr.jar"/>
<entry path="C:\Program Files\Java\jdk1.8.0_251\jre\classes"/>
</bootpath>
<extensionDirs>
<entry path="C:\Program Files\Java\jdk1.8.0_251\jre\lib\ext"/>
<entry path="C:\Windows\Sun\Java\lib\ext"/>
</extensionDirs>
<endorsedDirs>
<entry path="C:\Program Files\Java\jdk1.8.0_251\jre\lib\endorsed"/>
</endorsedDirs>
</libraryInfo>
<libraryInfo home="C:\Program Files\Java\jdk1.8.0_251" version="1.8.0_251">
<bootpath>
<entry path="C:\Program Files\Java\jdk1.8.0_251\jre\lib\resources.jar"/>
<entry path="C:\Program Files\Java\jdk1.8.0_251\jre\lib\rt.jar"/>
<entry path="C:\Program Files\Java\jdk1.8.0_251\jre\lib\sunrsasign.jar"/>
<entry path="C:\Program Files\Java\jdk1.8.0_251\jre\lib\jsse.jar"/>
<entry path="C:\Program Files\Java\jdk1.8.0_251\jre\lib\jce.jar"/>
<entry path="C:\Program Files\Java\jdk1.8.0_251\jre\lib\charsets.jar"/>
<entry path="C:\Program Files\Java\jdk1.8.0_251\jre\lib\jfr.jar"/>
<entry path="C:\Program Files\Java\jdk1.8.0_251\jre\classes"/>
</bootpath>
<extensionDirs>
<entry path="C:\Program Files\Java\jdk1.8.0_251\jre\lib\ext"/>
<entry path="C:\Windows\Sun\Java\lib\ext"/>
</extensionDirs>
<endorsedDirs>
<entry path="C:\Program Files\Java\jdk1.8.0_251\jre\lib\endorsed"/>
</endorsedDirs>
</libraryInfo>
</libraryInfos>
