<application>
  <component name="PropertiesComponent">
    <property name="create.project.preferred.importer" value="Maven" />
    <property name="defaultJdkConfigured" value="true" />
    <property name="export.settings.path" value="C:/settings.zip" />
    <property name="file.chooser.recent.files" value="C:/OtherSoftware/apache-maven-3.6.0/conf/settings.xml&#10;C:/OtherSoftware/apache-maven-3.6.0&#10;C:/Program Files/Java/jdk1.8.0_201&#10;D:/Project/im" />
    <property name="file.gist.reindex.count" value="168" />
    <property name="installed.kotlin.plugin.version" value="1.3.11-release-IJ2018.3-1" />
    <property name="last.imported.location" value="D:/Project/im" />
    <property name="ts.lib.d.ts.version" value="3.2.1" />
  </component>
  <component name="RefactoringSettings">
    <option name="INTRODUCE_LOCAL_CREATE_FINALS" value="false" />
  </component>
  <component name="SvnApplicationSettings">
    <option name="myCheckoutURLs">
      <list>
        <option value="svn://185.186.146.93/ichanggIm" />
      </list>
    </option>
    <option name="myTypedURLs">
      <list>
        <option value="svn://185.186.146.93/ichanggIm" />
      </list>
    </option>
  </component>
</application>