<?xml version="1.0" encoding="UTF-8"?>
<!DOCTYPE mapper PUBLIC "-//mybatis.org//DTD Mapper 3.0//EN" "http://mybatis.org/dtd/mybatis-3-mapper.dtd">
<mapper namespace="com.cyw.api.log.dao.SystemLogMapper">
  <resultMap id="BaseResultMap" type="com.cyw.api.log.model.SystemLog">
    <!--
      WARNING - @mbg.generated
      This element is automatically generated by MyBatis Generator, do not modify.
    -->
    <id column="id" jdbcType="BIGINT" property="id" />
    <result column="description" jdbcType="VARCHAR" property="description" />
    <result column="method" jdbcType="VARCHAR" property="method" />
    <result column="type" jdbcType="INTEGER" property="type" />
    <result column="ip" jdbcType="VARCHAR" property="ip" />
    <result column="aberrant_code" jdbcType="VARCHAR" property="aberrantCode" />
    <result column="aberrant_detail" jdbcType="VARCHAR" property="aberrantDetail" />
    <result column="params" jdbcType="VARCHAR" property="params" />
    <result column="create_user" jdbcType="VARCHAR" property="createUser" />
    <result column="create_date" jdbcType="VARCHAR" property="createDate" />
  </resultMap>
  <sql id="Base_Column_List">
    <!--
      WARNING - @mbg.generated
      This element is automatically generated by MyBatis Generator, do not modify.
    -->
    id, description, method, type, ip, aberrant_code, aberrant_detail, params, create_user, 
    create_date
  </sql>
  <select id="selectByPrimaryKey" parameterType="java.lang.Long" resultMap="BaseResultMap">
    <!--
      WARNING - @mbg.generated
      This element is automatically generated by MyBatis Generator, do not modify.
    -->
    select 
    <include refid="Base_Column_List" />
    from system_log
    where id = #{id,jdbcType=BIGINT}
  </select>
  <delete id="deleteByPrimaryKey" parameterType="java.lang.Long">
    <!--
      WARNING - @mbg.generated
      This element is automatically generated by MyBatis Generator, do not modify.
    -->
    delete from system_log
    where id = #{id,jdbcType=BIGINT}
  </delete>
  <insert id="insert" parameterType="com.cyw.api.log.model.SystemLog">
    <!--
      WARNING - @mbg.generated
      This element is automatically generated by MyBatis Generator, do not modify.
    -->
    insert into system_log (id, description, method, 
      type, ip, aberrant_code, 
      aberrant_detail, params, create_user, 
      create_date)
    values (#{id,jdbcType=BIGINT}, #{description,jdbcType=VARCHAR}, #{method,jdbcType=VARCHAR}, 
      #{type,jdbcType=INTEGER}, #{ip,jdbcType=VARCHAR}, #{aberrantCode,jdbcType=VARCHAR}, 
      #{aberrantDetail,jdbcType=VARCHAR}, #{params,jdbcType=VARCHAR}, #{createUser,jdbcType=VARCHAR}, 
      #{createDate,jdbcType=VARCHAR})
  </insert>
  <insert id="insertSelective" parameterType="com.cyw.api.log.model.SystemLog">
    <!--
      WARNING - @mbg.generated
      This element is automatically generated by MyBatis Generator, do not modify.
    -->
    insert into system_log
    <trim prefix="(" suffix=")" suffixOverrides=",">
      <if test="id != null">
        id,
      </if>
      <if test="description != null">
        description,
      </if>
      <if test="method != null">
        method,
      </if>
      <if test="type != null">
        type,
      </if>
      <if test="ip != null">
        ip,
      </if>
      <if test="aberrantCode != null">
        aberrant_code,
      </if>
      <if test="aberrantDetail != null">
        aberrant_detail,
      </if>
      <if test="params != null">
        params,
      </if>
      <if test="createUser != null">
        create_user,
      </if>
      <if test="createDate != null">
        create_date,
      </if>
    </trim>
    <trim prefix="values (" suffix=")" suffixOverrides=",">
      <if test="id != null">
        #{id,jdbcType=BIGINT},
      </if>
      <if test="description != null">
        #{description,jdbcType=VARCHAR},
      </if>
      <if test="method != null">
        #{method,jdbcType=VARCHAR},
      </if>
      <if test="type != null">
        #{type,jdbcType=INTEGER},
      </if>
      <if test="ip != null">
        #{ip,jdbcType=VARCHAR},
      </if>
      <if test="aberrantCode != null">
        #{aberrantCode,jdbcType=VARCHAR},
      </if>
      <if test="aberrantDetail != null">
        #{aberrantDetail,jdbcType=VARCHAR},
      </if>
      <if test="params != null">
        #{params,jdbcType=VARCHAR},
      </if>
      <if test="createUser != null">
        #{createUser,jdbcType=VARCHAR},
      </if>
      <if test="createDate != null">
        #{createDate,jdbcType=VARCHAR},
      </if>
    </trim>
  </insert>
  <update id="updateByPrimaryKeySelective" parameterType="com.cyw.api.log.model.SystemLog">
    <!--
      WARNING - @mbg.generated
      This element is automatically generated by MyBatis Generator, do not modify.
    -->
    update system_log
    <set>
      <if test="description != null">
        description = #{description,jdbcType=VARCHAR},
      </if>
      <if test="method != null">
        method = #{method,jdbcType=VARCHAR},
      </if>
      <if test="type != null">
        type = #{type,jdbcType=INTEGER},
      </if>
      <if test="ip != null">
        ip = #{ip,jdbcType=VARCHAR},
      </if>
      <if test="aberrantCode != null">
        aberrant_code = #{aberrantCode,jdbcType=VARCHAR},
      </if>
      <if test="aberrantDetail != null">
        aberrant_detail = #{aberrantDetail,jdbcType=VARCHAR},
      </if>
      <if test="params != null">
        params = #{params,jdbcType=VARCHAR},
      </if>
      <if test="createUser != null">
        create_user = #{createUser,jdbcType=VARCHAR},
      </if>
      <if test="createDate != null">
        create_date = #{createDate,jdbcType=VARCHAR},
      </if>
    </set>
    where id = #{id,jdbcType=BIGINT}
  </update>
  <update id="updateByPrimaryKey" parameterType="com.cyw.api.log.model.SystemLog">
    <!--
      WARNING - @mbg.generated
      This element is automatically generated by MyBatis Generator, do not modify.
    -->
    update system_log
    set description = #{description,jdbcType=VARCHAR},
      method = #{method,jdbcType=VARCHAR},
      type = #{type,jdbcType=INTEGER},
      ip = #{ip,jdbcType=VARCHAR},
      aberrant_code = #{aberrantCode,jdbcType=VARCHAR},
      aberrant_detail = #{aberrantDetail,jdbcType=VARCHAR},
      params = #{params,jdbcType=VARCHAR},
      create_user = #{createUser,jdbcType=VARCHAR},
      create_date = #{createDate,jdbcType=VARCHAR}
    where id = #{id,jdbcType=BIGINT}
  </update>
</mapper>