<?xml version="1.0" encoding="UTF-8"?>
<!DOCTYPE mapper PUBLIC "-//mybatis.org//DTD Mapper 3.0//EN"   
"http://mybatis.org/dtd/mybatis-3-mapper.dtd">

<mapper namespace="com.cyw.log.dao.SystemLogMapper" >

  <resultMap id="BaseResultMap" type="com.cyw.log.model.SystemLogModel" >
    <id column="id" property="id" jdbcType="INTEGER" />
  </resultMap>
  
  <sql id="Base_Column_List" >
        id,name
  </sql>
  
  <select id="findById" parameterType="java.lang.Long" resultMap="BaseResultMap">
  	select
  	<include refid="Base_Column_List" />
    from system_log
    where id = #{0}
  </select>
  
  <insert id="save" parameterType="com.cyw.log.model.SystemLogModel">
  INSERT into system_log(description,method,type,ip,exception_code,exception_detail,params,create_user,create_date)
   VALUES(description,method,type,ip,aberrantCode,aberrantDetail,params,createUser,createDate)
  </insert>

</mapper>
