<?xml version="1.0" encoding="UTF-8"?>
<section name="Workbench">
	<section name="WorkbenchPreferenceDialogSettings">
		<item value="186" key="DIALOG_Y_ORIGIN"/>
		<item value="442" key="DIALOG_X_ORIGIN"/>
	</section>
	<section name="org.eclipse.ui.internal.QuickAccess">
		<item value="-1" key="dialogHeight"/>
		<item value="-1" key="dialogWidth"/>
		<list key="textEntries">
		</list>
		<list key="orderedElements">
		</list>
		<list key="orderedProviders">
		</list>
		<list key="textArray">
		</list>
	</section>
	<section name="PreferencesImportWizard">
		<item value="C:\Users\Administrator\Desktop\1.epf" key=""/>
		<list key="WizardPreferencesExportPage1.STORE_DESTINATION_NAMES_ID">
			<item value="C:\Users\Administrator\Desktop\1.epf"/>
		</list>
	</section>
	<section name="NewWizardAction">
	</section>
	<section name="InstallationDialogSettings">
		<item value="706" key="DIALOG_WIDTH"/>
		<item value="1|微软雅黑|9.0|0|WINDOWS|1|-12|0|0|0|400|0|0|0|1|0|0|0|0|微软雅黑" key="DIALOG_FONT_NAME"/>
		<item value="835" key="DIALOG_HEIGHT"/>
		<item value="-293" key="DIALOG_Y_ORIGIN"/>
		<item value="14" key="DIALOG_X_ORIGIN"/>
	</section>
	<section name="ImportExportAction">
		<item value="org.eclipse.ui.wizards.export.Preferences" key="ImportExportPage.STORE_SELECTED_EXPORT_WIZARD_ID"/>
		<item value="org.eclipse.ui.wizards.import.Preferences" key="ImportExportPage.STORE_SELECTED_IMPORT_WIZARD_ID"/>
		<list key="ImportExportPage.STORE_EXPANDED_IMPORT_CATEGORIES">
			<item value="org.eclipse.ui.Basic"/>
		</list>
		<list key="ImportExportPage.STORE_EXPANDED_EXPORT_CATEGORIES">
			<item value="org.eclipse.ui.Basic"/>
		</list>
	</section>
	<section name="PreferencesExportWizard">
		<item value="C:\Users\Administrator\Desktop\1.epf" key=""/>
		<item value="false" key="WizardPreferencesExportPage1.STORE_OVERWRITE_EXISTING_FILES_ID"/>
		<item value="true" key="WizardPreferencesExportPage1.EXPORT_ALL_PREFERENCES_ID"/>
		<list key="WizardPreferencesExportPage1.STORE_DESTINATION_NAMES_ID">
			<item value="C:\Users\Administrator\Desktop\1.epf"/>
		</list>
	</section>
</section>
