<?xml version="1.0" encoding="UTF-8"?>
<section name="Workbench">
	<section name="ShowViewDialog">
		<item key="ShowViewDialog.STORE_SELECTED_VIEW_ID" value="org.eclipse.ant.ui.views.AntView"/>
		<item key="DIALOG_X_ORIGIN" value="743"/>
		<item key="DIALOG_Y_ORIGIN" value="167"/>
		<item key="DIALOG_WIDTH" value="337"/>
		<item key="DIALOG_HEIGHT" value="444"/>
		<item key="DIALOG_FONT_NAME" value="1|Microsoft YaHei UI|9.0|0|WINDOWS|1|-12|0|0|0|400|0|0|0|1|0|0|0|0|Microsoft YaHei UI"/>
		<list key="ShowViewDialog.STORE_EXPANDED_CATEGORIES_ID">
			<item value="Ant"/>
		</list>
	</section>
</section>
