<?xml version="1.0" encoding="UTF-8" standalone="no"?>
<libraryInfos>
<libraryInfo home="C:\Program Files\Java\jre1.8.0_181" version="1.8.0_181">
<bootpath>
<entry path="C:\Program Files\Java\jre1.8.0_181\lib\resources.jar"/>
<entry path="C:\Program Files\Java\jre1.8.0_181\lib\rt.jar"/>
<entry path="C:\Program Files\Java\jre1.8.0_181\lib\sunrsasign.jar"/>
<entry path="C:\Program Files\Java\jre1.8.0_181\lib\jsse.jar"/>
<entry path="C:\Program Files\Java\jre1.8.0_181\lib\jce.jar"/>
<entry path="C:\Program Files\Java\jre1.8.0_181\lib\charsets.jar"/>
<entry path="C:\Program Files\Java\jre1.8.0_181\lib\jfr.jar"/>
<entry path="C:\Program Files\Java\jre1.8.0_181\classes"/>
</bootpath>
<extensionDirs>
<entry path="C:\Program Files\Java\jre1.8.0_181\lib\ext"/>
<entry path="C:\Windows\Sun\Java\lib\ext"/>
</extensionDirs>
<endorsedDirs>
<entry path="C:\Program Files\Java\jre1.8.0_181\lib\endorsed"/>
</endorsedDirs>
</libraryInfo>
<libraryInfo home="D:\Program Files\Java\jre7" version="1.7.0_80">
<bootpath>
<entry path="D:\Program Files\Java\jre7\lib\resources.jar"/>
<entry path="D:\Program Files\Java\jre7\lib\rt.jar"/>
<entry path="D:\Program Files\Java\jre7\lib\sunrsasign.jar"/>
<entry path="D:\Program Files\Java\jre7\lib\jsse.jar"/>
<entry path="D:\Program Files\Java\jre7\lib\jce.jar"/>
<entry path="D:\Program Files\Java\jre7\lib\charsets.jar"/>
<entry path="D:\Program Files\Java\jre7\lib\jfr.jar"/>
<entry path="D:\Program Files\Java\jre7\classes"/>
</bootpath>
<extensionDirs>
<entry path="D:\Program Files\Java\jre7\lib\ext"/>
<entry path="C:\Windows\Sun\Java\lib\ext"/>
</extensionDirs>
<endorsedDirs>
<entry path="D:\Program Files\Java\jre7\lib\endorsed"/>
</endorsedDirs>
</libraryInfo>
</libraryInfos>
