<?xml version="1.0" encoding="UTF-8"?>
<section name="Workbench">
	<section name="org.eclipse.equinox.internal.p2.ui.dialogs.InstallWizard.WizardSettings">
		<item value="903" key="DIALOG_WIDTH"/>
		<item value="34" key="DIALOG_Y_ORIGIN"/>
		<item value="960" key="DIALOG_HEIGHT"/>
		<item value="517" key="DIALOG_X_ORIGIN"/>
		<item value="1|微软雅黑|9.0|0|WINDOWS|1|-12|0|0|0|400|0|0|0|1|0|0|0|0|微软雅黑" key="DIALOG_FONT_NAME"/>
	</section>
	<section name="org.eclipse.equinox.internal.p2.ui.dialogs.InstallWizard.ResolutionResultsPage">
		<item value="800" key="ListSashWeight"/>
		<item value="400" key="NameColumnWidth"/>
		<item value="200" key="DetailsSashWeight"/>
		<item value="200" key="IDColumnWidth"/>
		<item value="200" key="VersionColumnWidth"/>
	</section>
	<section name="org.eclipse.equinox.internal.p2.ui.dialogs.InstallWizard.SelectableIUsPage">
		<item value="800" key="ListSashWeight"/>
		<item value="360" key="NameColumnWidth"/>
		<item value="200" key="DetailsSashWeight"/>
		<item value="240" key="IDColumnWidth"/>
		<item value="120" key="VersionColumnWidth"/>
	</section>
	<section name="AvailableIUsPage">
		<item value="800" key="AvailableListSashWeight"/>
		<item value="true" key="ResolveInstallWithAllSites"/>
		<item value="240" key="AvailableVersionColumnWidth"/>
		<item value="false" key="HideInstalledContent"/>
		<item value="450" key="AvailableNameColumnWidth"/>
		<item value="1" key="AvailableViewType"/>
		<item value="false" key="FilterOnEnv"/>
		<item value="200" key="AvailableDetailsSashWeight"/>
		<item value="true" key="ShowLatestVersionsOnly"/>
	</section>
</section>
